<?xml version="1.0" encoding="UTF-8" standalone="yes"?>
<addon id="repository.webshare.streamcinema"
       name="Webshare StreamCinema Repository"
       version="1.0.6"
       provider-name="dlazebnikostka">

    <extension point="xbmc.addon.repository">
        <dir>
            <info compressed="false">https://obamaaaaa.github.io/Webshare-repo/addons.xml</info>
            <checksum verify="sha256">https://obamaaaaa.github.io/Webshare-repo/addons.xml.sha256</checksum>
            <datadir zip="true">https://obamaaaaa.github.io/Webshare-repo/</datadir>
            <hashes>sha256</hashes>
        </dir>
    </extension>

    <extension point="xbmc.addon.metadata">
        <summary lang="cs">Repozitář pro Webshare Stream Cinema</summary>
        <description lang="cs">Repo pro automatické aktualizace doplňku Webshare Stream Cinema.</description>
        <platform>all</platform>
        <provides>files</provides>
    </extension>

    <assets>
        <icon>icon.png</icon>
    </assets>
</addon>