<window>
    <defaultcontrol always="true">9902</defaultcontrol> <controls>
        <control type="image">
            <include>FullscreenDimensions</include>
            <texture colordiffuse="FF000000">mask.png</texture> </control>

        <control type="list" id="9902">
            <left>50</left>
            <top>150</top>
            <width>450</width>
            <height>800</height>
            <onright>61</onright> <onup>9902</onup>
            <ondown>9902</ondown>
            <pagecontrol>61</pagecontrol>
            
            <itemlayout height="80" width="450">
                <control type="label">
                    <left>20</left>
                    <top>0</top>
                    <width>410</width>
                    <height>80</height>
                    <aligny>center</aligny>
                    <label>$INFO[ListItem.Label]</label>
                    <textcolor>grey</textcolor>
                </control>
            </itemlayout>

            <focusedlayout height="80" width="450">
                <control type="image">
                    <width>450</width>
                    <height>80</height>
                    <texture colordiffuse="FF00A4FF">pixel.png</texture> </control>
                <control type="label">
                    <left>20</left>
                    <top>0</top>
                    <width>410</width>
                    <height>80</height>
                    <aligny>center</aligny>
                    <label>$INFO[ListItem.Label]</label>
                    <textcolor>white</textcolor> </control>
            </focusedlayout>
        </control>

        <control type="group">
            <left>550</left> <top>150</top>
            <width>1200</width>
            <height>800</height>

            <control type="label">
                <left>0</left>
                <top>0</top>
                <width>1100</width>
                <height>80</height>
                <font>font48</font>
                <label>$INFO[Container(9902).ListItem.Label]</label> 
                <textcolor>white</textcolor>
            </control>

            <control type="textbox">
                <left>0</left>
                <top>100</top>
                <width>1100</width>
                <height>600</height>
                <font>font14</font>
                <textcolor>white</textcolor>
                <label>$INFO[Container(9902).ListItem.Plot]</label> 
                <autoscroll delay="5000" time="3000" repeat="10000">true</autoscroll>
            </control>
        </control>

        <control type="scrollbar" id="61">
            <left>500</left>
            <top>150</top>
            <width>10</width>
            <height>800</height>
            <onleft>9902</onleft>
        </control>

    </controls>
</window>